<?xml version="1.0" encoding="UTF-8" ?>   
  
<!DOCTYPE tiles-definitions PUBLIC   
"-//Apache Software Foundation//DTD Tiles Configuration 2.0//EN"  
 "http://tiles.apache.org/dtds/tiles-config_2_0.dtd">   
  
<tiles-definitions>  
     
   <definition name="baselayout" template="/baselayout.jsp">   
   <put-attribute name="title" value="Template"/>   
   <put-attribute name="header" value="/header.jsp"/>
   <put-attribute name="menu" value="/menu.jsp"/>
    <put-attribute name="footer" value="/footer.jsp"/> 
   </definition>  
     
   <definition name="login.def" extends="baselayout.jsp">   
   <put-attribute name="title" value="Login form"/>   
   <put-attribute name="body" value="/login.jsp"/>   
   </definition>   
   
   <definition name="register.def" extends="baselayout.jsp">   
   <put-attribute name="title" value="Register form"/>   
   <put-attribute name="body" value="/register.jsp"/>   
   </definition> 
     
</tiles-definitions>  