<?xml version="1.0" encoding="UTF-8" ?>  
<!DOCTYPE struts PUBLIC "-//Apache Software Foundation//DTD Struts Configuration 2.1//EN"   
"http://struts.apache.org/dtds/struts-2.1.dtd">  
<struts>  
  
  
<package name="default" extends="struts-default" >  
  <result-types>
  <result-type name="tiles" class="org.apache.struts2.views.tiles.TilesResult"/>
  </result-types>
  
<action name="loginaction" method="execute" class="com.example.MenuAction">  
<result name="success">/success.jsp</result>   
</action>  
   
</package>  
</struts>  